roomID,room_name,location,latitude,longitude,link,image_link
50000,산너머펜션,경기 양평군 옥천면 신복리 65,37.5890856,127.4548259,https://www.goodchoice.kr/product/detail?ano=50000,//image.goodchoice.kr/resize_490x348/affiliate/2020/10/13/16/3f1f24cc7edc4f9fb081daab7dfca85b.jpg
50001,전라무주좋은인연펜션,전북 무주군 설천면 삼공리 731-1,35.9093241,127.7761686,https://www.goodchoice.kr/product/detail?ano=50001,//image.goodchoice.kr/resize_490x348/affiliate/2020/10/13/16/36785d4c089544f38f0c79140cc5afab.jpg
50002,부여굿뜨래웰빙마을 글램핑코리아,충남 부여군 부여읍 가탑리 94-3,36.2753677,126.9309904,https://www.goodchoice.kr/product/detail?ano=50002,//image.goodchoice.kr/resize_490x348/affiliate/2020/10/23/12/8d79398af0af4fa4ba7554e8cb9bcb1a.jpg
50006,거제로펜션,경남 거제시 동부면 학동리 233,34.7780052,128.6418198,https://www.goodchoice.kr/product/detail?ano=50006,//image.goodchoice.kr/resize_490x348/affiliate/2020/10/20/01/500d4e44730f4afda323fe910a87ef74.jpg
50007,해뜨는집,강원 춘천시 남산면 방곡리 401-3,37.8066402,127.6365303,https://www.goodchoice.kr/product/detail?ano=50007,//image.goodchoice.kr/resize_490x348/affiliate/2020/10/13/16/31b20e4448564a6a86aa1cf55da61b00.jpg
50008,황금들녘펜션,전남 여수시 화양면 창무리 454,34.7403246,127.6143022,https://www.goodchoice.kr/product/detail?ano=50008,//image.goodchoice.kr/resize_490x348/affiliate/2020/10/13/16/7d6e487524ae461da5e2e92d637f1b87.jpg
50009,홍천 보금자리펜션,강원 홍천군 서면 어유포리 285-1,37.7022565,127.6887999,https://www.goodchoice.kr/product/detail?ano=50009,//image.goodchoice.kr/resize_490x348/affiliate/2020/10/13/16/4dff85bd6fba496b853ec46ac6aa0035.jpg
50101,올래어촌펜션,제주특별자치도 제주시 이호일동 1700-4,33.4968019,126.4515591,https://www.goodchoice.kr/product/detail?ano=50101,//image.goodchoice.kr/resize_490x348/affiliate/2020/10/13/16/1ea9d1eae29449868978a90f1122c7e4.jpg
50102,삼척 장호 굿모닝펜션,강원 삼척시 근덕면 장호리 212,37.2844841,129.3134195,https://www.goodchoice.kr/product/detail?ano=50102,//image.goodchoice.kr/resize_490x348/affiliate/2020/10/13/16/a6b60b96012344db853c3e43e217a022.jpg
50103,라비타펜션,경기 가평군 가평읍 금대리 272-9,37.7686894,127.5393468,https://www.goodchoice.kr/product/detail?ano=50103,//image.goodchoice.kr/resize_490x348/affiliate/2020/10/13/16/6fee7b13803e4bc28f7d61ab3933dd0e.jpg
50104,캐리비안리조트,충남 태안군 남면 신온리 722-31,36.5948981,126.3093811,https://www.goodchoice.kr/product/detail?ano=50104,//image.goodchoice.kr/resize_490x348/affiliate/2020/10/13/16/444a85795bd24d1898dd981a834558be.jpg
50105,영천 키즈팜글램핑,경북 영천시 대창면 대창리 972,35.8743857,128.8902385,https://www.goodchoice.kr/product/detail?ano=50105,//image.goodchoice.kr/resize_490x348/affiliate/2020/11/04/15/146ef880ad7a44c1aab9c56e62340435.jpg
50106,오크밸리카라반,강원 원주시 지정면 판대리 577-7,37.4085946,127.8065983,https://www.goodchoice.kr/product/detail?ano=50106,//image.goodchoice.kr/resize_490x348/affiliate/2020/11/11/13/1605066966963RLUTiR25eANWuFfHcRH.jpg
50108,스카이뷰 호텔,경남 창원시 마산합포구 신포동2가 117-34,35.2009231,128.575354,https://www.goodchoice.kr/product/detail?ano=50108,//image.goodchoice.kr/resize_490x348/affiliate/2019/11/13/5dcbbd693bb78.jpg
50109,스타즈호텔 울산,울산 남구 삼산동 224-17,35.540164,129.3474133,https://www.goodchoice.kr/product/detail?ano=50109,//image.goodchoice.kr/resize_490x348/affiliate/2018/04/10/5acc44a4acafc.jpg
50111,양평 맑은물소리 펜션,경기 양평군 청운면 갈운리 1162-8,37.5342198,127.7479474,https://www.goodchoice.kr/product/detail?ano=50111,//image.goodchoice.kr/resize_490x348/affiliate/2018/01/17/5a5ef5ad19ee4.jpg
50112,중문예촌펜션,제주특별자치도 서귀포시 상예동 1767-1,33.267943,126.3940357,https://www.goodchoice.kr/product/detail?ano=50112,//image.goodchoice.kr/resize_490x348/affiliate/2020/10/13/16/f13f05b23e844f4487a6825fb42d7c2a.jpg
50115,별숲글램핑,경남 창녕군 성산면 연당리 690-2,35.6237274,128.5212164,https://www.goodchoice.kr/product/detail?ano=50115,//image.goodchoice.kr/resize_490x348/affiliate/2020/10/13/16/555116a786744b09902f5eeda74e15d2.jpg
50119,남원 한옥호텔 춘향家(춘향가),전북 남원시 어현동 37-121 춘향가,35.4013056,127.3876881,https://www.goodchoice.kr/product/detail?ano=50119,//image.goodchoice.kr/resize_490x348/adimg_new/50119/0/16165bf071c86e6525dce79d260d0c15.JPG
50120,청간정카라반,강원 고성군 토성면 용촌리 84-3,38.2405263,128.5744222,https://www.goodchoice.kr/product/detail?ano=50120,//image.goodchoice.kr/resize_490x348/affiliate/2020/10/13/16/7523eb5039c94c1a9f75baac435bcad4.jpg
50121,라인뷰풀빌라,경북 경주시 양남면 신대리 21-2,35.66553469999999,129.4058125,https://www.goodchoice.kr/product/detail?ano=50121,//image.goodchoice.kr/resize_490x348/affiliate/2020/11/27/08/f0cc9b8d99f046cdb5f244f604f01500.jpg
50124,메이페어 나르샤펜션,강원 평창군 봉평면 무이리 1140,37.5903796,128.3049056,https://www.goodchoice.kr/product/detail?ano=50124,//image.goodchoice.kr/resize_490x348/affiliate/2018/01/24/5a684944dc26b.jpg
50125,솔롱고글램핑,경북 영천시 금호읍 약남리 936-4,35.901331,128.9255025,https://www.goodchoice.kr/product/detail?ano=50125,//image.goodchoice.kr/resize_490x348/affiliate/2020/10/20/01/31770e7247344c6489c3b83b446c9d7d.jpg
50126,강릉 까르디에펜션,강원 강릉시 사천면 사천진리 89-24,37.8353933,128.8730286,https://www.goodchoice.kr/product/detail?ano=50126,//image.goodchoice.kr/resize_490x348/affiliate/2018/01/25/5a69323fd8a0e.jpg
50127,티티카카펜션,충남 태안군 안면읍 승언리 1341-2,36.5135685,126.3395323,https://www.goodchoice.kr/product/detail?ano=50127,//image.goodchoice.kr/resize_490x348/affiliate/2020/01/04/01/6fc77c3cadf34259976edddd32fafc4e.jpg
50128,해운대 위드 게스트하우스,부산광역시 해운대구 중동 1398-7  마린타워 5층,35.1598212,129.1696266,https://www.goodchoice.kr/product/detail?ano=50128,//image.goodchoice.kr/resize_490x348/adimg_new/50128/0/2b81f0b7c569b90c8862d3abeb3a22da.jpg
50129,강릉 루루펜션,강원 강릉시 사천면 사천진리 89-44,37.8352312,128.8726506,https://www.goodchoice.kr/product/detail?ano=50129,//image.goodchoice.kr/resize_490x348/affiliate/2020/08/14/5f3658821bfc8.jpg
50131,청풍월드니스글램핑,충북 제천시 청풍면 교리 산 15-21,37.0070522,128.1827907,https://www.goodchoice.kr/product/detail?ano=50131,//image.goodchoice.kr/resize_490x348/affiliate/2020/10/13/16/e1c8073f2e5a43e48ebb2999da5d8a30.jpg
50135,가야랜드 달빛야영장,경남 김해시 삼방동 826,35.2592689,128.9053629,https://www.goodchoice.kr/product/detail?ano=50135,//image.goodchoice.kr/resize_490x348/affiliate/2020/10/17/12/cafc7e48bdeb4b5c9817457679359915.jpg
50136,석남 요기,인천 서구 석남동 506,37.5085454,126.6732497,https://www.goodchoice.kr/product/detail?ano=50136,//image.goodchoice.kr/resize_490x348/adimg_new/50136/138500/3bc989cda97a365d90c0c424ee0c8d7a.jpg
50138,포항 블랙,경북 포항시 남구 해도동 110-19,36.0150407,129.3672822,https://www.goodchoice.kr/product/detail?ano=50138,//image.goodchoice.kr/resize_490x348/adimg_new/50138/140161/9103bbc782f777a9a6fcc59e83bee538.jpg
50139,김해 NO.25-어방,경남 김해시 어방동 1097-6,35.2347704,128.9037503,https://www.goodchoice.kr/product/detail?ano=50139,//image.goodchoice.kr/resize_490x348/adimg_new/50139/137845/6bdf23ef82668f93f289619108ad427c.jpg
50141,단양 소백산가는길 펜션,충북 단양군 단양읍 천동리 370-7,36.9664676,128.4207123,https://www.goodchoice.kr/product/detail?ano=50141,//image.goodchoice.kr/resize_490x348/affiliate/2018/04/27/5ae28026dcd18.jpg
50143,망상 골든스타비치펜션,강원 동해시 망상동 363-1,37.590965,129.0888152,https://www.goodchoice.kr/product/detail?ano=50143,//image.goodchoice.kr/resize_490x348/affiliate/2018/05/11/5af522fa2a6c3.jpg
50145,에퀴녹스드협재,제주특별자치도 제주시 한림읍 협재리 899,33.3751464,126.2507394,https://www.goodchoice.kr/product/detail?ano=50145,//image.goodchoice.kr/resize_490x348/affiliate/2020/10/13/16/4aff19a3c97b4872858341ce5e9519eb.jpg
50146,군산 두바이 드라이빙무인텔,전북 군산시 경장동 500-7,35.971246,126.7325168,https://www.goodchoice.kr/product/detail?ano=50146,//image.goodchoice.kr/resize_490x348/adimg_new/50146/235702/528d4e2a9962fe1665235560e6d31fc5.jpg
50147,마린블루펜션,충북 청주시 상당구 미원면 종암리 511-1,36.6510445,127.4870295,https://www.goodchoice.kr/product/detail?ano=50147,//image.goodchoice.kr/resize_490x348/affiliate/2021/02/05/11/1612489541795iPLSjVf0NqxBRInEIg6.jpg
50149,가랑펜션,경기 가평군 상면 임초리 572,37.7623605,127.3665653,https://www.goodchoice.kr/product/detail?ano=50149,//image.goodchoice.kr/resize_490x348/affiliate/2020/10/13/16/664b745b0fe94d6a96b4c3350f3a537c.jpg
50152,김포 호텔 바스,경기 김포시 대곶면 약암리 1319,37.6318805,126.5537636,https://www.goodchoice.kr/product/detail?ano=50152,//image.goodchoice.kr/resize_490x348/adimg_new/50152/137940/6dc534a400cd61924b511e9c1b8d8ce6.jpg
50153,HOTEL 여기어때 - 서대구,대구 서구 비산동 451-13,35.8756585,128.5708014,https://www.goodchoice.kr/product/detail?ano=50153,//image.goodchoice.kr/resize_490x348/adimg_new/50153/147702/1ca00eda25fa32fa35f14f69ba8b1c76.jpg
50158,강촌테마펜션,강원 춘천시 남산면 강촌리 310,37.8089658,127.6356717,https://www.goodchoice.kr/product/detail?ano=50158,//image.goodchoice.kr/resize_490x348/affiliate/2020/10/20/12/25c1f17f294e49aa909cf0037ddc0b16.jpg
50160,추억더하기,경남 남해군 삼동면 물건리 1234,34.8012331,128.0506294,https://www.goodchoice.kr/product/detail?ano=50160,//image.goodchoice.kr/resize_490x348/affiliate/2020/10/13/16/e0b341776f7a474ca6bc4cd4c8066411.jpg
50161,신탄진 아우디,대전 대덕구 신탄진동 139-20,36.4500838,127.4316902,https://www.goodchoice.kr/product/detail?ano=50161,//image.goodchoice.kr/resize_490x348/adimg_new/50161/138268/f83c6cafedba832e6fa4d7ae8b4127f1.jpg
50162,평창 에코피아펜션,강원 평창군 평창읍 대상리 64-4,37.3315574,128.3482275,https://www.goodchoice.kr/product/detail?ano=50162,//image.goodchoice.kr/resize_490x348/affiliate/2020/10/13/16/0ec00957a14c481b96665cf90de767fa.jpg
50164,초록독채펜션,제주특별자치도 제주시 한림읍 옹포리 549-1,33.4029059,126.2529403,https://www.goodchoice.kr/product/detail?ano=50164,//image.goodchoice.kr/resize_490x348/affiliate/2019/07/25/12/cc18add8ee85496a93227c0f2ed6ea74.jpg
50165,오션비치 리조트,경북 영덕군 남정면 남호리 산 15-1,36.3389708,129.3737803,https://www.goodchoice.kr/product/detail?ano=50165,//image.goodchoice.kr/resize_490x348/affiliate/2018/02/19/5a8a93e51f0f3.jpg
50166,뜨리바다펜션,제주특별자치도 서귀포시 남원읍 남원리 2397,33.2715279,126.6997188,https://www.goodchoice.kr/product/detail?ano=50166,//image.goodchoice.kr/resize_490x348/affiliate/2020/10/13/16/78bcfc94c06c481a83a17eb02b2400d8.jpg
50167,삼척 베네치아펜션,강원 삼척시 오분동 1-10,37.4313579,129.1901923,https://www.goodchoice.kr/product/detail?ano=50167,//image.goodchoice.kr/resize_490x348/affiliate/2020/10/13/16/ce8a10adaba543b4a2c55aaf30d4d01b.jpg
50169,가평 블루엘 스파펜션,경기 가평군 설악면 송산리 179-3,37.6849539,127.5322461,https://www.goodchoice.kr/product/detail?ano=50169,//image.goodchoice.kr/resize_490x348/affiliate/2021/02/04/601ba1a56e530.jpg
50170,아침풍경펜션,경기 가평군 상면 임초리 370-2,37.7684342,127.3697371,https://www.goodchoice.kr/product/detail?ano=50170,//image.goodchoice.kr/resize_490x348/affiliate/2018/04/17/10/morning_BHCiXJYU_01C3DFB0A1_GPN_6595_r_1.jpg
50171,호수위에하얀집,경기 가평군 청평면 상천리 1507-1,37.76875010000001,127.4774379,https://www.goodchoice.kr/product/detail?ano=50171,//image.goodchoice.kr/resize_490x348/affiliate/2019/02/22/10/juraki_rMFEWibp_BFDCBACE_28129_1.jpg
50172,경주 메종 미니호텔,경상북도 경주시 노서동 133-21 　,35.8405618,129.2048554,https://www.goodchoice.kr/product/detail?ano=50172,//image.goodchoice.kr/resize_490x348/adimg_new/50172/0/513a5654a492cd60df59e0b0ded4c1e6.jpg
50175,119 14 프라이빗 스파&빌라,강원 홍천군 서면 팔봉리 119-14,37.6920817,127.715878,https://www.goodchoice.kr/product/detail?ano=50175,//image.goodchoice.kr/resize_490x348/affiliate/2020/10/17/12/1a6725598a2f4e44aad8b50560dc3eb5.jpg
50180,홍천 알투스펜션,강원 홍천군 서면 팔봉리 768,37.6761113,127.6938224,https://www.goodchoice.kr/product/detail?ano=50180,//image.goodchoice.kr/resize_490x348/affiliate/2020/12/01/09/1606777918369eQepLlCRNPDG2HBIHCq.jpg
50183,더준펜션,제주특별자치도 제주시 회천동 1784-5,33.484494,126.6107694,https://www.goodchoice.kr/product/detail?ano=50183,//image.goodchoice.kr/resize_490x348/affiliate/2018/01/22/5a659b5a1a7df.jpg
50184,제주 메이저호텔1,제주도 제주시 연동 278-8,33.4830253,126.4911069,https://www.goodchoice.kr/product/detail?ano=50184,//image.goodchoice.kr/resize_490x348/adimg_new/50184/203479/e2aa8ee5af009b36ed4701a5d5d1d105.jpg
50186,아이캔펜션,경기 남양주시 수동면 송천리 2-11,37.6917802,127.371188,https://www.goodchoice.kr/product/detail?ano=50186,//image.goodchoice.kr/resize_490x348/adimg_new/50186/0/1891148722_8ipqLJV3_01_NIN_5826_r_r.jpg
50187,작전 써클호텔,인천 계양구 작전동 906-4,37.5332276,126.7356357,https://www.goodchoice.kr/product/detail?ano=50187,//image.goodchoice.kr/resize_490x348/adimg_new/50187/194127/fb5148ca3e9e50144c0f8719843f92fd.jpg
50188,경포대 아테네,강원 강릉시 안현동 865-3,37.8030937,128.9032771,https://www.goodchoice.kr/product/detail?ano=50188,//image.goodchoice.kr/resize_490x348/adimg_new/50188/138814/04b0e90d9c17ef6f564a0041cf6165fe.jpg
50189,강릉 피크닉,강원 강릉시 홍제동 998-6,37.75380210000001,128.8810283,https://www.goodchoice.kr/product/detail?ano=50189,//image.goodchoice.kr/resize_490x348/adimg_new/50189/139019/871f610d368d093a1ac0b07ccaff973f.jpg
50190,강릉 K모텔,강원 강릉시 옥천동 274-1,37.7598546,128.8979239,https://www.goodchoice.kr/product/detail?ano=50190,//image.goodchoice.kr/resize_490x348/adimg_new/50190/139081/6230a6d4e77e3ade356a07a0ea8a1036.jpg
50191,강릉 썸 무인텔,강원 강릉시 옥계면 현내리 240-1,37.6134047,129.0395907,https://www.goodchoice.kr/product/detail?ano=50191,//image.goodchoice.kr/resize_490x348/adimg_new/50191/139086/21867e715cc1038fcbfc3d068eee8b13.jpg
50192,햇빛여행,경기 가평군 가평읍 승안리 646-18,37.861275,127.4702596,https://www.goodchoice.kr/product/detail?ano=50192,//image.goodchoice.kr/resize_490x348/affiliate/2020/05/26/03/ssunpension_TbBpRSgn_1_r.jpg
50196,수원시청역 블럭24,경기 수원시 권선구 권선동 1013-24,37.2597815,127.0297127,https://www.goodchoice.kr/product/detail?ano=50196,//image.goodchoice.kr/resize_490x348/adimg_new/50196/142718/2ea0dd9a428ca22ceb4d593f12867d08.jpg
50200,푸름펜션,강원 홍천군 서면 팔봉리 961-4,37.6913893,127.7075749,https://www.goodchoice.kr/product/detail?ano=50200,//image.goodchoice.kr/resize_490x348/affiliate/2018/01/18/04/pooreum_AuNzdT7E_C7D1C6E6C1EE7_r.jpg
50202,을왕리썸펜션,인천 중구 을왕동 742-13,37.4467299,126.3768557,https://www.goodchoice.kr/product/detail?ano=50202,//image.goodchoice.kr/resize_490x348/affiliate/2018/01/18/04/some_E1l0kemU_3.JPG
50204,원주 제우스,강원 원주시 단구동 724-98,37.32660320000001,127.9599501,https://www.goodchoice.kr/product/detail?ano=50204,//image.goodchoice.kr/resize_490x348/adimg_new/50204/138955/3e40a28e191f8d4b5eb5c7ef80ae3fa8.jpg
50206,춘천 리오펜션,강원 춘천시 송암동 185,37.8510152,127.6898734,https://www.goodchoice.kr/product/detail?ano=50206,//image.goodchoice.kr/resize_490x348/affiliate/2018/01/18/05/1515998350_rfImg_0.jpg
50207,여수 K-boutique 호텔,전남 여수시 화장동 798-8,34.7775747,127.6502702,https://www.goodchoice.kr/product/detail?ano=50207,//image.goodchoice.kr/resize_490x348/adimg_new/50207/172549/0116f812e629ec81d2a42f1a18433614.jpg
50209,대구 2월호텔-동성로점,대구 중구 동일동 27,35.8694944,128.5927802,https://www.goodchoice.kr/product/detail?ano=50209,//image.goodchoice.kr/resize_490x348/adimg_new/50209/272134/5280a1486816e326cf9e8e5405abce90.jpg
50211,제천 퀸,충북 제천시 중앙로2가 80-8,37.139906,128.2133538,https://www.goodchoice.kr/product/detail?ano=50211,//image.goodchoice.kr/resize_490x348/adimg_new/50211/138818/8b8a63d1c72d69961618fd5bd6683173.jpg
50212,씨아일랜드,경북 영덕군 강구면 삼사리 629-2,36.3403365,129.3817174,https://www.goodchoice.kr/product/detail?ano=50212,//image.goodchoice.kr/resize_490x348/affiliate/2020/12/21/19/duke1909_VEcMy64I_01_NIN_1735_1_BAB9BBE7.jpg
50213,해든펜션,제주특별자치도 서귀포시 성산읍 성산리 145-1,33.4614145,126.9332691,https://www.goodchoice.kr/product/detail?ano=50213,//image.goodchoice.kr/resize_490x348/affiliate/2018/02/01/5a72d35190714.jpg
50214,신갈 큐,경기 용인시 기흥구 신갈동 50-16,37.2736904,127.1090012,https://www.goodchoice.kr/product/detail?ano=50214,//image.goodchoice.kr/resize_490x348/adimg_new/50214/139619/a34e3122d7373aa79df7ce7dc5c71822.jpg
50216,양구 개구리펜션,강원 양구군 동면 팔랑리 375,38.20979519999999,128.0741406,https://www.goodchoice.kr/product/detail?ano=50216,//image.goodchoice.kr/resize_490x348/affiliate/2019/10/22/5daed7d3f159c.jpg
50217,순천 HOTEL The B,전남 순천시 풍덕동 1266-3,34.9442172,127.495596,https://www.goodchoice.kr/product/detail?ano=50217,//image.goodchoice.kr/resize_490x348/adimg_new/50217/332222/3f3632400f91fcf447fe9946619a8979.jpg
50218,일루아펜션,경남 통영시 용남면 장평리 672-3,34.8835279,128.466266,https://www.goodchoice.kr/product/detail?ano=50218,//image.goodchoice.kr/resize_490x348/affiliate/2018/01/19/01/599168486_IQsLOkVY_illua_e_1.jpg
50219,파라다이스거제(해안),경남 거제시 장목면 외포리 715,34.9471828,128.7158836,https://www.goodchoice.kr/product/detail?ano=50219,//image.goodchoice.kr/resize_490x348/affiliate/2018/01/19/01/1891148722_8Qfvz50D_1_r.jpg
50220,파라다이스거제(바다),경남 거제시 장목면 외포리 715,34.9471828,128.7158836,https://www.goodchoice.kr/product/detail?ano=50220,//image.goodchoice.kr/resize_490x348/affiliate/2018/01/19/01/1891148722_nXeMxJ28_1_r.jpg
50221,광안리 더 엠,부산 수영구 민락동 181-150,35.1553123,129.1248113,https://www.goodchoice.kr/product/detail?ano=50221,//image.goodchoice.kr/resize_490x348/adimg_new/50221/138280/e2f44126f7ad069f09e062ebebc498b1.jpg
50222,송정 브라운도트,부산 해운대구 송정동 422-13,35.1787522,129.1973569,https://www.goodchoice.kr/product/detail?ano=50222,//image.goodchoice.kr/resize_490x348/adimg_new/50222/138467/f0bac6e32c4e952b8bdd420fbaff88dd.jpg
50233,음성 스카이,충북 음성군 음성읍 한벌리 690-2,36.9457534,127.7023038,https://www.goodchoice.kr/product/detail?ano=50233,//image.goodchoice.kr/resize_490x348/adimg_new/50233/138354/f2e5ef8716775632228632dc7c75e1a3.jpg
50237,부산 클럽호텔,부산 해운대구 우동 644-4,35.1607567,129.1567794,https://www.goodchoice.kr/product/detail?ano=50237,//image.goodchoice.kr/resize_490x348/affiliate/2019/05/31/5cf0d05924a69.jpg
50239,제주 더스테이센추리호텔,제주특별자치도 제주시 애월읍 하귀1리 544-2,33.4848333,126.4091111,https://www.goodchoice.kr/product/detail?ano=50239,//image.goodchoice.kr/resize_490x348/affiliate/2018/01/30/5a6fb7e55dc81.jpg
50240,진주 성중,경남 진주시 칠암동 513-7,35.1830432,128.0899893,https://www.goodchoice.kr/product/detail?ano=50240,//image.goodchoice.kr/resize_490x348/adimg_new/50240/138768/6b5a8af01151b057e55d53aac27126d4.jpg
50242,용원 젠 호텔,경남 창원시 진해구 용원동 1216-5,35.1005587,128.813578,https://www.goodchoice.kr/product/detail?ano=50242,//image.goodchoice.kr/resize_490x348/adimg_new/50242/139009/08839e6c5e89d3c159bfc54a1cebb990.JPG
50243,쁠라야,경남 남해군 상주면 상주리 1276-3,34.7209913,127.9847766,https://www.goodchoice.kr/product/detail?ano=50243,//image.goodchoice.kr/resize_490x348/affiliate/2018/01/22/04/1516259851_mainImg_4.jpg
50245,광명 램파트,경기 광명시 하안동 301-1,37.4587696,126.8739143,https://www.goodchoice.kr/product/detail?ano=50245,//image.goodchoice.kr/resize_490x348/adimg_new/50245/139855/32d4088a61244aaf2d25c22f49171227.jpg
50247,제주웨스트펜션,제주특별자치도 제주시 한경면 용수리 3653-4,33.3345143,126.1731804,https://www.goodchoice.kr/product/detail?ano=50247,//image.goodchoice.kr/resize_490x348/affiliate/2020/10/13/17/0af8b8206f2547c1ad06d00c720cb6f4.jpg
50248,숲속의공주펜션,경기 가평군 가평읍 복장리 250-1,37.7393455,127.5049298,https://www.goodchoice.kr/product/detail?ano=50248,//image.goodchoice.kr/resize_490x348/affiliate/2020/10/20/12/023e1a5f041a49639bc91841212e1cff.jpg
50249,일광 라고마르펜션,부산 기장군 일광면 학리 269-1,35.2589117,129.2434278,https://www.goodchoice.kr/product/detail?ano=50249,//image.goodchoice.kr/resize_490x348/affiliate/2020/10/13/17/42f71a27edc94b4b9eb404b7aebebf5b.jpg
50250,강릉 힐링연펜션A동,강원 강릉시 연곡면 영진리 141,37.8694633,128.8400733,https://www.goodchoice.kr/product/detail?ano=50250,//image.goodchoice.kr/resize_490x348/affiliate/2020/10/20/12/01e219787a504cc591beb54e355cfa18.jpg
50251,춘천 수하늘 펜션,강원 춘천시 남면 가정리 750-1,37.7358757,127.5652662,https://www.goodchoice.kr/product/detail?ano=50251,//image.goodchoice.kr/resize_490x348/affiliate/2018/01/31/5a7114903ddff.jpg
50253,하바나 리조트,제주특별자치도 제주시 구좌읍 하도리 2999-1,33.5280857,126.873763,https://www.goodchoice.kr/product/detail?ano=50253,//image.goodchoice.kr/resize_490x348/affiliate/2018/01/23/5a669ced7ea65.jpg
50255,신갈 엘레강스,경기 용인시 기흥구 신갈동 52-7,37.2738832,127.1084092,https://www.goodchoice.kr/product/detail?ano=50255,//image.goodchoice.kr/resize_490x348/adimg_new/50255/139260/beb307e8c640fe24afde2cc106b5ac6b.jpg
50256,맑은물펜션,경기 포천시 영북면 산정리 413,38.0862659,127.3199213,https://www.goodchoice.kr/product/detail?ano=50256,//image.goodchoice.kr/resize_490x348/affiliate/2020/10/13/17/b661e0cb7332437b8b9842782f1d9064.jpg
50257,전망좋은집펜션,강원 속초시 대포동 517-6,38.1799049,128.6060002,https://www.goodchoice.kr/product/detail?ano=50257,//image.goodchoice.kr/resize_490x348/affiliate/2020/07/03/09/49da640449ed486c95c2e360f48229fd.jpg
50258,태백 썬,강원 태백시 황지동 264-32,37.1756463,128.9890601,https://www.goodchoice.kr/product/detail?ano=50258,//image.goodchoice.kr/resize_490x348/adimg_new/50258/140006/55c154f98b9360af6e3112edd5defdb5.jpg
50259,토끼네펜션,제주특별자치도 제주시 조천읍 함덕리 288-31,33.534147,126.6737869,https://www.goodchoice.kr/product/detail?ano=50259,//image.goodchoice.kr/resize_490x348/affiliate/2020/10/13/17/31b6a77f9d334d03a97f238060e34b0f.jpg
50261,안양 루,경기 안양시 만안구 안양동 16-1,37.4162521,126.9164532,https://www.goodchoice.kr/product/detail?ano=50261,//image.goodchoice.kr/resize_490x348/adimg_new/50261/140801/66b4b2a51cf551de7bf4436353ba1973.jpg
50263,신천 NU,서울 송파구 잠실동 179-1,37.51093669999999,127.0808617,https://www.goodchoice.kr/product/detail?ano=50263,//image.goodchoice.kr/resize_490x348/adimg_new/50263/262041/8984eb9a0456af0ec0ed62807f63d278.jpg
50264,동두천 빅토리아모텔,경기 동두천시 생연동 823-156,37.9037721,127.0515291,https://www.goodchoice.kr/product/detail?ano=50264,//image.goodchoice.kr/resize_490x348/adimg_new/50264/139713/4ef250f99c80ee3cf256e4ae38c06cd3.jpg
50267,양양 해오름 펜션,강원 양양군 현남면 남애리 180-13,37.9340716,128.7890646,https://www.goodchoice.kr/product/detail?ano=50267,//image.goodchoice.kr/resize_490x348/affiliate/2019/06/17/5d074d8a069f9.jpg
50269,제주 성산 일해펜션,제주특별자치도 서귀포시 성산읍 신산리 64-9,33.3888762,126.8895759,https://www.goodchoice.kr/product/detail?ano=50269,//image.goodchoice.kr/resize_490x348/affiliate/2020/10/26/12/1603682283407lFb4jr003VjaKYrwA7n.jpg
50272,성지도예 나무랑펜션,제주특별자치도 서귀포시 표선면 성읍리 2888-1,33.4115161,126.7745382,https://www.goodchoice.kr/product/detail?ano=50272,//image.goodchoice.kr/resize_490x348/affiliate/2020/10/13/16/4ff6b1bcefe14db88366f0c3947a7da3.jpg
50277,더달달애펜션,강원 춘천시 남산면 서천리 653-7,37.8327302,127.5304718,https://www.goodchoice.kr/product/detail?ano=50277,//image.goodchoice.kr/resize_490x348/affiliate/2020/10/13/16/ba1ee9ae02bb4abe8f51c00e465ffdf9.jpg
50278,영흥도해송펜션,인천 옹진군 영흥면 내리 1665-16,37.274657,126.452883,https://www.goodchoice.kr/product/detail?ano=50278,//image.goodchoice.kr/resize_490x348/affiliate/2020/11/16/18/0afe8eeaf3dc4fe89477cb1085791370.jpg
50280,안면도 데미안제트스파펜션,충남 태안군 안면읍 창기리 1356,36.5707646,126.3239221,https://www.goodchoice.kr/product/detail?ano=50280,//image.goodchoice.kr/resize_490x348/affiliate/2019/09/17/5d8089cd90ab0.jpg
50283,바닷가에서 펜션,인천 옹진군 영흥면 선재리 390-32,37.2375145,126.5253028,https://www.goodchoice.kr/product/detail?ano=50283,//image.goodchoice.kr/resize_490x348/affiliate/2019/03/22/5c948bbb53bd8.jpg
50285,공주 구수동펜션,충남 공주시 유구읍 구계리 152-1,36.5864154,126.985785,https://www.goodchoice.kr/product/detail?ano=50285,//image.goodchoice.kr/resize_490x348/affiliate/2018/02/05/5a77d96d8ab53.jpg
50286,강릉 해피몽펜션,강원 강릉시 성산면 보광리 881-2,37.7564154,128.7942679,https://www.goodchoice.kr/product/detail?ano=50286,//image.goodchoice.kr/resize_490x348/affiliate/2019/07/10/5d25727154d36.jpg
50288,서구 짝,광주 서구 양동 80-4,35.1498636,126.9061179,https://www.goodchoice.kr/product/detail?ano=50288,//image.goodchoice.kr/resize_490x348/adimg_new/50288/139058/e6c7dfc4a0d52e4771b1c5100b130a9b.jpg
50289,로그맨하우스펜션,제주특별자치도 제주시 애월읍 소길리 975,33.4192072,126.3757791,https://www.goodchoice.kr/product/detail?ano=50289,//image.goodchoice.kr/resize_490x348/affiliate/2020/10/13/16/820bc527f1da4185ae474634b92680dd.jpg
50291,강화도 펜션썸,인천 강화군 화도면 여차리 344-12,37.6025332,126.3997731,https://www.goodchoice.kr/product/detail?ano=50291,//image.goodchoice.kr/resize_490x348/affiliate/2018/10/31/5bd8ff797e68b.jpg
50293,전주 한옥마을 사랑루,전라북도 전주시 완산구 교동 179-1  　,35.8114168,127.1541515,https://www.goodchoice.kr/product/detail?ano=50293,//image.goodchoice.kr/resize_490x348/adimg_new/50293/0/7739090c553af8ade08592aecea7f640.jpg
50298,경주 호텔801,경북 경주시 동천동 801-1,35.8549516,129.223929,https://www.goodchoice.kr/product/detail?ano=50298,//image.goodchoice.kr/resize_490x348/adimg_new/50298/139899/eb738b95a3c1a39f46aa615271e0db20.jpg
50299,강릉 그레이호텔,강원 강릉시 교동 1871-3,37.7666033,128.8760079,https://www.goodchoice.kr/product/detail?ano=50299,//image.goodchoice.kr/resize_490x348/affiliate/2018/01/25/5a6991c68d2aa.jpg
50307,강릉 에이스,강원 강릉시 교동 124-35,37.7624815,128.8988171,https://www.goodchoice.kr/product/detail?ano=50307,//image.goodchoice.kr/resize_490x348/adimg_new/50307/291293/c8f6d953e9e78b16daf2ccb3697b8aa3.jpg
50309,강릉 아모르,강원 강릉시 교동 156-24,37.7616522,128.8976778,https://www.goodchoice.kr/product/detail?ano=50309,//image.goodchoice.kr/resize_490x348/adimg_new/50309/140182/bac525ae28851b44994390fe38b873d4.jpg
50310,평창 CF,강원 평창군 용평면 속사리 444-11,37.63922609999999,128.4967213,https://www.goodchoice.kr/product/detail?ano=50310,//image.goodchoice.kr/resize_490x348/adimg_new/50310/140170/10d690d98c632db6fbeb1d90a186250a.jpg
50312,거제퀸크루즈리조텔,경남 거제시 동부면 학동리 260,34.7767219,128.6426151,https://www.goodchoice.kr/product/detail?ano=50312,//image.goodchoice.kr/resize_490x348/affiliate/2020/10/13/17/e59f2c6faed342428f6b4725be1291e2.jpg
50313,전주 한옥마을 취락당,전라북도 전주시 완산구 풍남동2가 32-11  　,35.8185831,127.1527332,https://www.goodchoice.kr/product/detail?ano=50313,//image.goodchoice.kr/resize_490x348/adimg_new/50313/0/b97bea1e4d22e40dc7ed7ff9bd8209b6.jpg
50318,광양풀하우스펜션,전남 광양시 옥룡면 동곡리 664,35.0808652,127.6053043,https://www.goodchoice.kr/product/detail?ano=50318,//image.goodchoice.kr/resize_490x348/affiliate/2020/10/21/12/2db72c59c5854c7b8fe872bc2b3e20d7.jpg
50319,수풀림펜션,인천 강화군 강화읍 국화리 279,37.743566,126.4672076,https://www.goodchoice.kr/product/detail?ano=50319,//image.goodchoice.kr/resize_490x348/affiliate/2018/01/30/5a6fc4af01ba9.jpg
50321,아침정원 펜션,경기 양평군 지평면 일신리 814,37.4489286,127.6916471,https://www.goodchoice.kr/product/detail?ano=50321,//image.goodchoice.kr/resize_490x348/affiliate/2018/01/26/5a6ae374d781b.jpg
50322,예그리나 펜션,경기 안산시 단원구 대부남동 21-20,37.2098635,126.6089684,https://www.goodchoice.kr/product/detail?ano=50322,//image.goodchoice.kr/resize_490x348/affiliate/2018/02/22/5a8e0e521d1bb.jpg
50326,분당 호텔루비,경기 성남시 분당구 구미동 185-5,37.33835,127.1094342,https://www.goodchoice.kr/product/detail?ano=50326,//image.goodchoice.kr/resize_490x348/adimg_new/50326/139026/e6c8ea7db675e444380e79ba9ab5ab11.jpg
50332,퀴리날레펜션,강원 원주시 소초면 흥양리 321-1,37.3659021,128.0126943,https://www.goodchoice.kr/product/detail?ano=50332,//image.goodchoice.kr/resize_490x348/affiliate/2020/10/13/16/011f8498f768498aa545e2b5d62d07cd.jpg
50333,미디호텔 영도점,부산 영도구 대교동1가 40,35.0938103,129.0373234,https://www.goodchoice.kr/product/detail?ano=50333,//image.goodchoice.kr/resize_490x348/affiliate/2020/10/16/5f891d4787133.jpg
50337,베르데펜션,경남 거제시 일운면 망치리 457,34.8095553,128.6654256,https://www.goodchoice.kr/product/detail?ano=50337,//image.goodchoice.kr/resize_490x348/affiliate/2021/01/13/18/92c41d96e8464fe8aaf42c49b13153e7.jpg
50339,영광 CC 무인텔,전남 영광군 백수읍 구수리 466-7,35.3623134,126.4163409,https://www.goodchoice.kr/product/detail?ano=50339,//image.goodchoice.kr/resize_490x348/adimg_new/50339/139603/801cc967517eaaa5f942c4b54c9dde97.jpg
50341,B612,경기 양평군 서종면 수능리 160-1,37.5917538,127.388477,https://www.goodchoice.kr/product/detail?ano=50341,//image.goodchoice.kr/resize_490x348/affiliate/2020/10/14/11/1602550660778VByGfXmf6wyJvozPnWO.jpg
50344,양양 플로라펜션,강원 양양군 현남면 남애리 2-53,37.9434029,128.7850731,https://www.goodchoice.kr/product/detail?ano=50344,//image.goodchoice.kr/resize_490x348/affiliate/2020/10/13/17/fcea2a21d5cb4e3ea7e97dc06062d848.jpg
50346,정왕 허니문,경기 시흥시 정왕동 1738-3,37.3444278,126.7376144,https://www.goodchoice.kr/product/detail?ano=50346,//image.goodchoice.kr/resize_490x348/adimg_new/50346/148341/614bddd054bdb12df930112d973808bc.jpg
50347,용인 아트인,경기 용인시 처인구 김량장동 129-2,37.235962,127.2079659,https://www.goodchoice.kr/product/detail?ano=50347,//image.goodchoice.kr/resize_490x348/adimg_new/50347/140015/0e64b17a0d53ce2338668a832ab33689.jpg
50349,인제 인제호텔,강원 인제군 인제읍 상동리 348-3,38.0689725,128.1713408,https://www.goodchoice.kr/product/detail?ano=50349,//image.goodchoice.kr/resize_490x348/adimg_new/50349/140195/480bf45b6878800013f7037ded927d15.jpg
50352,동암 필,인천 부평구 십정동 409-20,37.46905539999999,126.7023788,https://www.goodchoice.kr/product/detail?ano=50352,//image.goodchoice.kr/resize_490x348/adimg_new/50352/139633/8fa3544402ecb92e4669dd8f073d89c3.jpg
50355,목동 메종,서울 양천구 신정동 953-1,37.5250162,126.8578184,https://www.goodchoice.kr/product/detail?ano=50355,//image.goodchoice.kr/resize_490x348/adimg_new/50355/140887/4b5b135660ce8eecf8d685477a728ce0.jpg
50356,화곡 샤르망-강서구청,서울 강서구 화곡동 981-13,37.5497351,126.8483505,https://www.goodchoice.kr/product/detail?ano=50356,//image.goodchoice.kr/resize_490x348/adimg_new/50356/139725/8dab792db7ef23021cf4ccc8b68d3613.jpg
50357,속초 해담은,강원 고성군 토성면 용촌리 7-1,38.2295291,128.5841265,https://www.goodchoice.kr/product/detail?ano=50357,//image.goodchoice.kr/resize_490x348/adimg_new/50357/164988/794d1a7554fb26e01c15db61a799f2fc.jpg
50369,화곡 앤,서울 강서구 화곡동 921-1,37.5300734,126.8412253,https://www.goodchoice.kr/product/detail?ano=50369,//image.goodchoice.kr/resize_490x348/adimg_new/50369/141006/bf198702b044dff63c1d2beacc88fdae.jpg
50370,수원 나무,경기 수원시 장안구 연무동 12-12,37.2986195,127.0279101,https://www.goodchoice.kr/product/detail?ano=50370,//image.goodchoice.kr/resize_490x348/adimg_new/50370/139477/ab7618757032588320d27b572771a6f9.jpg
50373,호텔 엠펠리체,서울 강서구 마곡동 797-10,37.5764888,126.8307466,https://www.goodchoice.kr/product/detail?ano=50373,//image.goodchoice.kr/resize_490x348/affiliate/2019/05/07/5cd1459781626.jpg
50374,상상 스파펜션,강원 강릉시 사천면 사천진리 266-5,37.8425088,128.873718,https://www.goodchoice.kr/product/detail?ano=50374,//image.goodchoice.kr/resize_490x348/affiliate/2018/02/21/5a8cf2485311e.jpg
50375,무주 미알레펜션,전북 무주군 무풍면 삼거리 46-40,35.8901458,127.8301322,https://www.goodchoice.kr/product/detail?ano=50375,//image.goodchoice.kr/resize_490x348/affiliate/2018/01/30/5a703245749e8.jpg
50376,월평 W,대전 서구 월평동 249,36.3617479,127.3779227,https://www.goodchoice.kr/product/detail?ano=50376,//image.goodchoice.kr/resize_490x348/adimg_new/50376/175601/a5d69f757335e0cf4642c7fdd1524749.jpg
50377,속초 제임스블루 게스트하우스,강원 속초시 동명동 466-36 　,38.2076708,128.5932909,https://www.goodchoice.kr/product/detail?ano=50377,//image.goodchoice.kr/resize_490x348/adimg_new/50377/0/6feda61349e745e1f6ab79330887fef6.jpg
50378,서울역 원미닛 게스트하우스,서울 중구 남대문로5가 622 　,37.5544309,126.9746859,https://www.goodchoice.kr/product/detail?ano=50378,//image.goodchoice.kr/resize_490x348/adimg_new/50378/0/2a44f7e13c85bf204575aac3172a6eaa.jpg
50380,홍대 유(서교) 여성전용,"서울특별시 마포구 서교동 403-14 5층, 6층",37.5495315,126.9206446,https://www.goodchoice.kr/product/detail?ano=50380,//image.goodchoice.kr/resize_490x348/adimg_new/50380/0/db683a520023f18d7a9cb192c10a50b7.JPG
50382,대부도 누리마루펜션,경기 안산시 단원구 대부동동 40-3,37.2407114,126.6186136,https://www.goodchoice.kr/product/detail?ano=50382,//image.goodchoice.kr/resize_490x348/affiliate/2021/01/04/14/5499d668376a4847a962f1e0f179a4fe.jpg
50389,가평 리버랜드,경기 가평군 설악면 회곡리 447-4,37.7077543,127.4496799,https://www.goodchoice.kr/product/detail?ano=50389,//image.goodchoice.kr/resize_490x348/adimg_new/50389/8550/f71ed310f722d3057634116e73f5500d.jpg
50392,용인 칼리야,경기 용인시 처인구 삼가동 208-7,37.2435982,127.1670211,https://www.goodchoice.kr/product/detail?ano=50392,//image.goodchoice.kr/resize_490x348/adimg_new/50392/211858/3cb8b0e5180ba8f143390bb1029ab982.jpg
50404,신촌 호스텔 가온,서울 마포구 노고산동 31-77 　,37.5541761,126.9375064,https://www.goodchoice.kr/product/detail?ano=50404,//image.goodchoice.kr/resize_490x348/adimg_new/50404/0/df06001e683ad2388c8166e293da962f.JPG
50405,호텔 탑스텐,강원 강릉시 옥계면 금진리 92-1,37.6553303,129.0508801,https://www.goodchoice.kr/product/detail?ano=50405,//image.goodchoice.kr/resize_490x348/affiliate/2018/01/30/5a6fde3093f6a.jpg
50406,무거 투나잇,울산 남구 무거동 1521-6,35.5513125,129.2606287,https://www.goodchoice.kr/product/detail?ano=50406,//image.goodchoice.kr/resize_490x348/adimg_new/50406/324419/2ee823960ae88254b3aa78712d19b891.jpg
50411,홍대 준 게스트하우스,서울특별시 마포구 서교동 335-36 　,37.5543695,126.9275102,https://www.goodchoice.kr/product/detail?ano=50411,//image.goodchoice.kr/resize_490x348/adimg_new/50411/0/4dbbd01b700a00564493ac2335c9f7aa.jpg
50412,제주 도깨비 게스트하우스,제주특별자치도 제주시 조천읍 선흘리 1938-30 　,33.4566211,126.7025085,https://www.goodchoice.kr/product/detail?ano=50412,//image.goodchoice.kr/resize_490x348/adimg_new/50412/0/e105f32bb3961af558c3db483f7e100e.jpg
50415,영덕 리아,경북 영덕군 강구면 강구리 408,36.3591347,129.3827638,https://www.goodchoice.kr/product/detail?ano=50415,//image.goodchoice.kr/resize_490x348/adimg_new/50415/139821/7d7889bd9cecf3565bd0f81cfedbb327.jpg
50418,춘천 현대-H,강원 춘천시 효자동 685-3,37.8697871,127.7265848,https://www.goodchoice.kr/product/detail?ano=50418,//image.goodchoice.kr/resize_490x348/adimg_new/50418/141556/4ca0a1a0dfdc744ea8549ba1fb1ffe22.jpg
50421,제주 구엄543 펜션,제주특별자치도 제주시 애월읍 구엄리 543,33.4838543,126.3801648,https://www.goodchoice.kr/product/detail?ano=50421,//image.goodchoice.kr/resize_490x348/affiliate/2018/02/05/5a77e0407949f.jpg
50425,강릉 꿈의궁전,강원 강릉시 사천면 방동리 415-3,37.8173455,128.8557929,https://www.goodchoice.kr/product/detail?ano=50425,//image.goodchoice.kr/resize_490x348/adimg_new/50425/140692/87e272da9819526136bbebb94c261829.jpg
50426,강릉 파인시티호텔,강원 강릉시 옥천동 211,37.7608867,128.8990565,https://www.goodchoice.kr/product/detail?ano=50426,//image.goodchoice.kr/resize_490x348/adimg_new/50426/141004/d010085b30dee367825306d3489473ee.jpg
50427,정동진 해안선모텔,강원 강릉시 강동면 안인진리 13-13,37.73434,128.987854,https://www.goodchoice.kr/product/detail?ano=50427,//image.goodchoice.kr/resize_490x348/adimg_new/50427/140900/285e4e65c7a47bde40d5c5ea2b2ec6c1.jpg
50428,경포대 드림모텔,강원 강릉시 강문동 294-1,37.8029286,128.9097587,https://www.goodchoice.kr/product/detail?ano=50428,//image.goodchoice.kr/resize_490x348/adimg_new/50428/169396/2a3dfaa2df426df75d271b94872d02f6.jpg
50431,통영 에이스호텔,경남 통영시 동호동 339-1,34.8429344,128.4303506,https://www.goodchoice.kr/product/detail?ano=50431,//image.goodchoice.kr/resize_490x348/adimg_new/50431/239241/1cecf5a7dacd4504f7a53c8bff4bbd37.jpg
50433,소래포구 폴로호텔,인천 남동구 논현동 677-3,37.4007939,126.7349515,https://www.goodchoice.kr/product/detail?ano=50433,//image.goodchoice.kr/resize_490x348/adimg_new/50433/8067/6ada71b353722303cfc810be36ae3081.jpg
50434,구미 호텔더스테이,경북 구미시 형곡동 145-34,36.1115711,128.3362001,https://www.goodchoice.kr/product/detail?ano=50434,//image.goodchoice.kr/resize_490x348/adimg_new/50434/140460/25060c4c42e9fc59d50353cfa811825b.jpg
50438,통영 그레이,경남 통영시 항남동 151-30,34.8399317,128.4223412,https://www.goodchoice.kr/product/detail?ano=50438,//image.goodchoice.kr/resize_490x348/adimg_new/50438/141114/c1b4e19cfb33b3a19f36435ae20fad33.jpg
50441,영흥도 레스테호텔,인천 옹진군 영흥면 선재리 489-3,37.2476363,126.5265686,https://www.goodchoice.kr/product/detail?ano=50441,//image.goodchoice.kr/resize_490x348/adimg_new/50441/140896/915204fe95025aa5cd3afa06440bc40a.jpg
50442,무안 휴 펜션,전남 무안군 청계면 복길리 537-1,34.8855755,126.3914872,https://www.goodchoice.kr/product/detail?ano=50442,//image.goodchoice.kr/resize_490x348/affiliate/2018/02/02/5a74168c955f9.jpg
50448,영월 파랑새펜션,강원 영월군 김삿갓면 와석리 775,37.1025826,128.6038157,https://www.goodchoice.kr/product/detail?ano=50448,//image.goodchoice.kr/resize_490x348/affiliate/2018/02/05/5a77fdd9329b6.jpg
50451,동성로 인썸니아,대구 중구 삼덕동1가 11-2,35.8672018,128.5959754,https://www.goodchoice.kr/product/detail?ano=50451,//image.goodchoice.kr/resize_490x348/adimg_new/50451/140284/fa868a181d1d805ef6c16be3397ec142.jpg
50452,로뎀트리 펜션,강원 삼척시 근덕면 용화리 235-22,37.2901159,129.3018123,https://www.goodchoice.kr/product/detail?ano=50452,//image.goodchoice.kr/resize_490x348/affiliate/2018/02/02/5a73eadf1cb8d.jpg
50453,여수 더킹펜션,전남 여수시 돌산읍 평사리 331-5,34.6563978,127.7441661,https://www.goodchoice.kr/product/detail?ano=50453,//image.goodchoice.kr/resize_490x348/affiliate/2018/02/06/5a7902a12b207.jpg
50454,송정 스페드,광주 광산구 송정동 1125-12,35.1345638,126.7863896,https://www.goodchoice.kr/product/detail?ano=50454,//image.goodchoice.kr/resize_490x348/adimg_new/50454/140708/2300887e1fffeb73bf14690fe2ad1303.jpg
50456,영등포 캡슐 호텔&게스트하우스 마중,서울 영등포구 영등포동 423-14 　,37.5156195,126.9056055,https://www.goodchoice.kr/product/detail?ano=50456,//image.goodchoice.kr/resize_490x348/adimg_new/50456/0/9bce6f91dc0010331f0008251d41a9b9.jpg
50458,진해 투하트,경남 창원시 진해구 이동 538-136,35.1532132,128.6921008,https://www.goodchoice.kr/product/detail?ano=50458,//image.goodchoice.kr/resize_490x348/adimg_new/50458/140268/2cf548778fdcfd9b1fd4d5038c748604.jpg
50459,마린 펜션 별관,경기 파주시 법원읍 직천리 471-4,37.8951345,126.9246407,https://www.goodchoice.kr/product/detail?ano=50459,//image.goodchoice.kr/resize_490x348/affiliate/2020/03/16/5e6f41297bab7.jpg
50461,계룡 S,충남 계룡시 엄사면 엄사리 178-4,36.2886198,127.243881,https://www.goodchoice.kr/product/detail?ano=50461,//image.goodchoice.kr/resize_490x348/adimg_new/50461/141614/5aa3da430428ade1d16a7bbc5d841591.jpg
50462,증평 버디버디무인텔,충북 증평군 증평읍 남차리 538,36.7304458,127.612979,https://www.goodchoice.kr/product/detail?ano=50462,//image.goodchoice.kr/resize_490x348/adimg_new/50462/162837/08325e59f2b1838ab60a5d021d0c899b.jpg
50463,서산 백악관,충남 서산시 읍내동 13-31,36.7784924,126.4520696,https://www.goodchoice.kr/product/detail?ano=50463,//image.goodchoice.kr/resize_490x348/adimg_new/50463/157832/288bbd92485342b342bfae735be48e85.jpg
50464,세종 샤인,세종 조치원읍 원리 1-23,36.6043027,127.2985252,https://www.goodchoice.kr/product/detail?ano=50464,//image.goodchoice.kr/resize_490x348/adimg_new/50464/217474/807319930803c3b9a70109df484bd1fd.jpg
50466,보은 K무인텔,충북 보은군 보은읍 대야리 49-1,36.4860973,127.7532518,https://www.goodchoice.kr/product/detail?ano=50466,//image.goodchoice.kr/resize_490x348/adimg_new/50466/155596/9589dbfd784b51c5de567e572f9e8151.jpg
50468,거제 패션,경남 거제시 장평동 371-1,34.8925471,128.6103968,https://www.goodchoice.kr/product/detail?ano=50468,//image.goodchoice.kr/resize_490x348/adimg_new/50468/141725/35b8b01b6e34d0981e0450656b66d902.jpg
50469,상남 퀸즈호텔,경남 창원시 성산구 상남동 20-7,35.2210541,128.6842236,https://www.goodchoice.kr/product/detail?ano=50469,//image.goodchoice.kr/resize_490x348/adimg_new/50469/142198/c5eab207669c82f37deecd8cf4df7533.jpg
50470,금오산 핑크로즈,경북 구미시 남통동 312-5,36.1103144,128.3150897,https://www.goodchoice.kr/product/detail?ano=50470,//image.goodchoice.kr/resize_490x348/adimg_new/50470/8091/311aeb5e805f8e51fbb01e2804397a63.jpg
50471,영주 2010,경북 영주시 풍기읍 수철리 317-7,36.9047709,128.4592733,https://www.goodchoice.kr/product/detail?ano=50471,//image.goodchoice.kr/resize_490x348/adimg_new/50471/142758/2dec8b8bc04059c2948ecd1622f966e4.jpg
50475,영덕 식스,경북 영덕군 영해면 성내리 790,36.5350704,129.4042684,https://www.goodchoice.kr/product/detail?ano=50475,//image.goodchoice.kr/resize_490x348/adimg_new/50475/141897/98da8e176e06eef18c12d51118f3d168.jpg
50477,남포 초원파크,부산 서구 토성동5가 53-8,35.0964765,129.0217338,https://www.goodchoice.kr/product/detail?ano=50477,//image.goodchoice.kr/resize_490x348/adimg_new/50477/285826/882290a29e159c70d461e01eab944afa.jpg
50478,서면 핑크,부산 부산진구 부전동 477-10,35.1583457,129.0555618,https://www.goodchoice.kr/product/detail?ano=50478,//image.goodchoice.kr/resize_490x348/adimg_new/50478/142936/eb02a13045a29257ae871c2107b0a089.jpg
50479,구미역 ON-온,경북 구미시 원평동 130-16,36.1290086,128.3328759,https://www.goodchoice.kr/product/detail?ano=50479,//image.goodchoice.kr/resize_490x348/adimg_new/50479/8144/68050d9a2e77286cd1ea3117597a351d.jpg
50480,부산역 플러스,부산 동구 초량동 174-2,35.1187479,129.0409415,https://www.goodchoice.kr/product/detail?ano=50480,//image.goodchoice.kr/resize_490x348/adimg_new/50480/141142/d9be263252f905c1282f7e11ab4d38bc.jpg
50484,김천 자이,경북 김천시 감호동 32,36.1215385,128.1291996,https://www.goodchoice.kr/product/detail?ano=50484,//image.goodchoice.kr/resize_490x348/adimg_new/50484/276838/6d4ed97faa29eb23aa231a7cfc241c67.jpg
50485,김천 아미가,경북 김천시 부곡동 425-7,36.1245014,128.1028052,https://www.goodchoice.kr/product/detail?ano=50485,//image.goodchoice.kr/resize_490x348/adimg_new/50485/141453/0f718ddaa34e76b96c3eadef7c09aa83.jpg
50486,김천 소야,경북 김천시 부곡동 361-44,36.12437930000001,128.105408,https://www.goodchoice.kr/product/detail?ano=50486,//image.goodchoice.kr/resize_490x348/adimg_new/50486/140933/9d876b7ea131cdf785f9d186d1cb7836.jpg
50494,목포 미루,전남 목포시 상동 1144-3,34.7972871,126.4331486,https://www.goodchoice.kr/product/detail?ano=50494,//image.goodchoice.kr/resize_490x348/adimg_new/50494/141594/599fd582b6c92dda5d38b62aab8469ee.jpg
50495,보은 리젠트,충북 보은군 수한면 발산리 138-3,36.4760144,127.7030814,https://www.goodchoice.kr/product/detail?ano=50495,//image.goodchoice.kr/resize_490x348/adimg_new/50495/141995/8159301f73924b90775a554bffe205a8.jpg
50497,보은 꿈의궁전,충북 보은군 수한면 발산리 138-5,36.4762923,127.7032031,https://www.goodchoice.kr/product/detail?ano=50497,//image.goodchoice.kr/resize_490x348/adimg_new/50497/315957/e52d8602ed06c4b521a196ab39595c31.jpg
50498,공주 탑,충남 공주시 신관동 605-15,36.4696054,127.1327655,https://www.goodchoice.kr/product/detail?ano=50498,//image.goodchoice.kr/resize_490x348/adimg_new/50498/226477/f66f9f16820918e842a91a559b2661cf.jpg
50499,공주 수,충남 공주시 신관동 597-14,36.4692691,127.1303926,https://www.goodchoice.kr/product/detail?ano=50499,//image.goodchoice.kr/resize_490x348/adimg_new/50499/142847/2b3208ba799a709d8497345df177147f.JPG
50500,의정부 JBIS호텔,경기 의정부시 신곡동 764-6,37.7495625,127.0720811,https://www.goodchoice.kr/product/detail?ano=50500,//image.goodchoice.kr/resize_490x348/adimg_new/50500/342177/715202d0b37a3166d237bc5808af3cfd.jpg
50502,영등포 보보스,서울 영등포구 영등포동2가 28-97,37.5220918,126.9105859,https://www.goodchoice.kr/product/detail?ano=50502,//image.goodchoice.kr/resize_490x348/adimg_new/50502/140907/68657ae2f2333233a41b51e5b077a7a7.jpg
50505,합정 서원,서울 마포구 합정동 383-16,37.5490591,126.9119816,https://www.goodchoice.kr/product/detail?ano=50505,//image.goodchoice.kr/resize_490x348/adimg_new/50505/140729/b99d6e6f6802b3d4cbdcd821a0836dbd.jpg
50508,예산 라노스,충남 예산군 대흥면 동서리 202-2,36.6098065,126.7919176,https://www.goodchoice.kr/product/detail?ano=50508,//image.goodchoice.kr/resize_490x348/adimg_new/50508/142608/40f29c691e387294b36bed2bb5920fff.jpg
50510,수안보 궁전,충북 충주시 수안보면 온천리 148-5,36.8445556,127.991604,https://www.goodchoice.kr/product/detail?ano=50510,//image.goodchoice.kr/resize_490x348/adimg_new/50510/8137/49d4f070fac099a140754a1df64ebd81.jpg
50512,충주 피아노,충북 충주시 봉방동 343-7,36.9736052,127.9139179,https://www.goodchoice.kr/product/detail?ano=50512,//image.goodchoice.kr/resize_490x348/adimg_new/50512/142140/2442d54c224de28c1689849f111ba224.jpg
50513,충주 K,충북 충주시 봉방동 194-2,36.974583,127.9139483,https://www.goodchoice.kr/product/detail?ano=50513,//image.goodchoice.kr/resize_490x348/adimg_new/50513/141915/2eac2d67358fde81c8a731792319007c.jpg
50514,음성 백마령,충북 음성군 원남면 문암리 709-1,36.859907,127.628683,https://www.goodchoice.kr/product/detail?ano=50514,//image.goodchoice.kr/resize_490x348/adimg_new/50514/142122/c46596ecb8ce1abde9f3617fdbf99be9.jpg
50515,청양 파라다이스,충남 청양군 대치면 탄정리 410-3,36.4507868,126.8208859,https://www.goodchoice.kr/product/detail?ano=50515,//image.goodchoice.kr/resize_490x348/adimg_new/50515/145215/0721d58542907e5861008346ffa41dea.jpg
50518,남양주 호텔 그램,경기 남양주시 진접읍 금곡리 1081-5,37.7127491,127.1872371,https://www.goodchoice.kr/product/detail?ano=50518,//image.goodchoice.kr/resize_490x348/adimg_new/50518/142917/c23a6ee4d3a4e44e1063e5db20d9c8c6.jpg
50520,시흥 서브웨이호텔,경기 시흥시 신천동 707-15,37.4413722,126.7847634,https://www.goodchoice.kr/product/detail?ano=50520,//image.goodchoice.kr/resize_490x348/adimg_new/50520/141654/c7d62994e991ea902084394278a2e662.jpg
50521,소소모던펜션,전남 구례군 토지면 내서리 635,35.2375429,127.5871577,https://www.goodchoice.kr/product/detail?ano=50521,//image.goodchoice.kr/resize_490x348/affiliate/2018/02/08/5a7be6e8b5f42.jpg
50524,호텔 더 디자이너스 프리미어 건대,서울 광진구 화양동 23-15,37.5473067,127.0674306,https://www.goodchoice.kr/product/detail?ano=50524,//image.goodchoice.kr/resize_490x348/affiliate/2020/08/14/5f363c4a21bd6.jpg
50525,전주 한옥마을 별빛 쉼터,전북 전주시 완산구 교동 211 　,35.8113256,127.1519494,https://www.goodchoice.kr/product/detail?ano=50525,//image.goodchoice.kr/resize_490x348/adimg_new/50525/0/c4447c0b5b87d2bfac4676e2d1baf2e2.JPG
50527,부산 요트스테이,부산 해운대구 우동 1393,35.160915,129.1405557,https://www.goodchoice.kr/product/detail?ano=50527,//image.goodchoice.kr/resize_490x348/affiliate/2018/02/08/5a7bfa04c10b1.jpg
50529,광안리 유토피아 관광호텔,부산 수영구 광안동 50-3,35.1674184,129.117057,https://www.goodchoice.kr/product/detail?ano=50529,//image.goodchoice.kr/resize_490x348/affiliate/2019/05/14/5cda5f0c54aaf.jpg
50531,남해 프랑스리조트,경남 남해군 미조면 송정리 304-6,34.7444205,128.0355281,https://www.goodchoice.kr/product/detail?ano=50531,//image.goodchoice.kr/resize_490x348/affiliate/2019/07/03/08/08ee51065d79866e32dc7dc3dea9ce6f.jpg
50536,곤지암 꿈의궁전,경기 광주시 곤지암읍 곤지암리 435-7,37.3501715,127.3400681,https://www.goodchoice.kr/product/detail?ano=50536,//image.goodchoice.kr/resize_490x348/adimg_new/50536/141761/90ef88a5b48576ad9139ef996515d9bd.jpg
50538,거제 태평양,경남 거제시 장평동 375-6,34.8919073,128.6105179,https://www.goodchoice.kr/product/detail?ano=50538,//image.goodchoice.kr/resize_490x348/adimg_new/50538/353328/da1b8e36b0a0eda99f0d5b5bb55666d6.jpg
50539,더 홍씨호텔 강릉,강원 강릉시 교동 1879-1,37.7653865,128.8763137,https://www.goodchoice.kr/product/detail?ano=50539,//image.goodchoice.kr/resize_490x348/affiliate/2018/02/06/5a7942be93b7a.jpg
50540,거제 프라다,경남 거제시 장평동 233,34.8912935,128.6096031,https://www.goodchoice.kr/product/detail?ano=50540,//image.goodchoice.kr/resize_490x348/adimg_new/50540/141728/31256ffac10154ddef2a4182f959398f.jpg
50541,더포힐스호텔,제주특별자치도 제주시 도두이동 1644-4,33.5091403,126.4733987,https://www.goodchoice.kr/product/detail?ano=50541,//image.goodchoice.kr/resize_490x348/affiliate/2020/10/27/5f97db7603197.jpg
50542,부산 콘트호텔,부산 중구 대청동2가 30-17,35.101901,129.0314284,https://www.goodchoice.kr/product/detail?ano=50542,//image.goodchoice.kr/resize_490x348/affiliate/2018/02/07/5a7a5c519fbb6.jpg
50543,의정부 클라우드호텔,경기 의정부시 의정부동 498-10,37.7367074,127.0444145,https://www.goodchoice.kr/product/detail?ano=50543,//image.goodchoice.kr/resize_490x348/affiliate/2018/04/03/5ac2cf1cc707a.jpg
50544,엘프라도,경기 가평군 청평면 대성리 391-3,37.6894808,127.3816014,https://www.goodchoice.kr/product/detail?ano=50544,//image.goodchoice.kr/resize_490x348/affiliate/2020/07/17/09/lprado_HYPXkJp4_01.jpg
50545,김천 아리아,경북 김천시 감호동 29,36.1216339,128.1293453,https://www.goodchoice.kr/product/detail?ano=50545,//image.goodchoice.kr/resize_490x348/adimg_new/50545/140935/077c519a2b494335a61b4b57bcf1d058.jpg
50546,정동진 바다부채길,강원 강릉시 강동면 정동진리 264-2,37.6892008,129.0243271,https://www.goodchoice.kr/product/detail?ano=50546,//image.goodchoice.kr/resize_490x348/adimg_new/50546/140986/003f9ba39407769b938d8ed65b1cdcdf.jpg
50550,통영 세븐,경남 통영시 광도면 죽림리 1571-20,34.88694,128.4200019,https://www.goodchoice.kr/product/detail?ano=50550,//image.goodchoice.kr/resize_490x348/adimg_new/50550/142249/38ce268d6b0c6a93834c19b06cd41e47.jpg
50551,경포대 산토리니,강원 강릉시 강문동 산 4-5,37.8036307,128.9089111,https://www.goodchoice.kr/product/detail?ano=50551,//image.goodchoice.kr/resize_490x348/adimg_new/50551/140869/10b478d00aea89d20d5f7c9acc1aa2de.jpg
50552,여주 드라이브인 호텔 숲,경기 여주시 가남읍 신해리 609-2,37.2170023,127.5305976,https://www.goodchoice.kr/product/detail?ano=50552,//image.goodchoice.kr/resize_490x348/adimg_new/50552/141564/b5557f0baddca4b425fd0e227ea7cad8.jpg
50553,경포의휴일 펜션,강원 강릉시 초당동 453-2,37.7960177,128.9131587,https://www.goodchoice.kr/product/detail?ano=50553,//image.goodchoice.kr/resize_490x348/affiliate/2018/02/12/5a812a8ce860b.jpg
50555,전주 한옥마을 혜윰,전라북도 전주시 완산구 교동 213  　,35.8114425,127.1520378,https://www.goodchoice.kr/product/detail?ano=50555,//image.goodchoice.kr/resize_490x348/adimg_new/50555/0/0d35738a91367b8a5fa91780a4d29b6b.jpg
50556,소우도 펜션,인천 옹진군 영흥면 선재리 499-31,37.25032789999999,126.5218836,https://www.goodchoice.kr/product/detail?ano=50556,//image.goodchoice.kr/resize_490x348/affiliate/2020/10/29/5f9a9a3835ac8.jpg
50563,여수 테디베어스 게스트하우스,전남 여수시 고소동 796-2 　,34.7411657,127.7372125,https://www.goodchoice.kr/product/detail?ano=50563,//image.goodchoice.kr/resize_490x348/adimg_new/50563/0/2997ed423b9b7e8d8e6ea80ef310e8cb.jpg
50568,광주 호텔 Coo,광주 남구 방림동 540-21,35.1336779,126.9126831,https://www.goodchoice.kr/product/detail?ano=50568,//image.goodchoice.kr/resize_490x348/adimg_new/50568/183516/17d9d6481ebe67b9a50754b41079399e.jpg
50572,메르블루,경남 남해군 남면 선구리 1388,34.729969,127.8687494,https://www.goodchoice.kr/product/detail?ano=50572,//image.goodchoice.kr/resize_490x348/affiliate/2018/02/07/04/11dd5d84cc3146e45482c999dfaf51a9.jpg
50574,하동 가비원,경남 하동군 화개면 탑리 674-5,35.1898034,127.6230313,https://www.goodchoice.kr/product/detail?ano=50574,//image.goodchoice.kr/resize_490x348/adimg_new/50574/142387/0174f540cea988ce47a46941ea1db8b7.jpg
50576,예산 숲속모텔,충남 예산군 덕산면 시량리 98-2,36.6869448,126.6497706,https://www.goodchoice.kr/product/detail?ano=50576,//image.goodchoice.kr/resize_490x348/adimg_new/50576/142622/f866d1c5acd2ce26153fb051f1027a79.jpg
50577,보은 숲속의 하얀펜션,충북 보은군 산외면 이식리 456-5,36.5673048,127.686643,https://www.goodchoice.kr/product/detail?ano=50577,//image.goodchoice.kr/resize_490x348/affiliate/2019/09/10/5d774ff41a8c4.jpg
50579,평창 펜션레이,강원 평창군 봉평면 무이리 1143,37.59062400000001,128.3072822,https://www.goodchoice.kr/product/detail?ano=50579,//image.goodchoice.kr/resize_490x348/affiliate/2018/02/13/5a828217c5c6a.jpg
50586,명지 브라운도트,부산 강서구 명지동 1526-3,35.0992225,128.9281968,https://www.goodchoice.kr/product/detail?ano=50586,//image.goodchoice.kr/resize_490x348/adimg_new/50586/277757/35d15eb640bd72ecf5e6688ceae0b4fe.jpg
50588,탄금호 캠핑리조트,충북 충주시 중앙탑면 탑평리 137,37.0217142,127.8643575,https://www.goodchoice.kr/product/detail?ano=50588,//image.goodchoice.kr/resize_490x348/affiliate/2018/02/08/01/30f947455dfe66752c46fc76ddc723b5.jpg
50596,송림펜션,충남 태안군 남면 진산리 444,36.7111768,126.2752141,https://www.goodchoice.kr/product/detail?ano=50596,//image.goodchoice.kr/resize_490x348/affiliate/2020/04/17/05/5486183f9607d54e57e893bf2408a0a0.jpg
50599,포천 팔레스,경기 포천시 신읍동 248-2,37.9028885,127.1954299,https://www.goodchoice.kr/product/detail?ano=50599,//image.goodchoice.kr/resize_490x348/adimg_new/50599/142132/144e2d180289210e91965a74e230a2e0.jpg
50609,평창어울림펜션,강원 평창군 봉평면 흥정리 255-9,37.6342363,128.3496769,https://www.goodchoice.kr/product/detail?ano=50609,//image.goodchoice.kr/resize_490x348/affiliate/2020/10/23/03/877143c3eacdbc8a4aa4e2db175d7707.jpg
50611,나주 벌꿀호텔,전남 나주시 삼영동 173-2,35.0060393,126.7099229,https://www.goodchoice.kr/product/detail?ano=50611,//image.goodchoice.kr/resize_490x348/adimg_new/50611/142136/b9b485dba561b8707ead81aa2b6b6cd3.jpg
50620,양양 파니아토,강원 양양군 손양면 동호리 1-24,38.0580045,128.6826283,https://www.goodchoice.kr/product/detail?ano=50620,//image.goodchoice.kr/resize_490x348/affiliate/2018/02/28/5a9645bc24f94.jpg
50623,에버그린,충남 태안군 안면읍 승언리 1968,36.5069498,126.3434977,https://www.goodchoice.kr/product/detail?ano=50623,//image.goodchoice.kr/resize_490x348/affiliate/2018/04/24/5aded5383b530.jpg
50629,군산 링스,전북 군산시 장미동 14-7,35.9872138,126.7149378,https://www.goodchoice.kr/product/detail?ano=50629,//image.goodchoice.kr/resize_490x348/adimg_new/50629/141846/a7c6f8f5937cc33c63facaa66892f848.jpg
50630,춘천 드라이브인 호텔 초콜릿,강원 춘천시 삼천동 180-5,37.8704786,127.6997567,https://www.goodchoice.kr/product/detail?ano=50630,//image.goodchoice.kr/resize_490x348/adimg_new/50630/142279/5a4033a4133df72df4bce45fb194768d.jpg
50632,스플라스 리솜(덕산),충남 예산군 덕산면 사동리 361,36.6940874,126.6558404,https://www.goodchoice.kr/product/detail?ano=50632,//image.goodchoice.kr/resize_490x348/affiliate/2019/07/30/5d3f95e4451c5.jpg
50633,아일랜드 리솜(안면도),충남 태안군 안면읍 중장리 765-81,36.4866369,126.3832622,https://www.goodchoice.kr/product/detail?ano=50633,//image.goodchoice.kr/resize_490x348/affiliate/2020/07/30/5f223610c68f4.jpg
50634,24게스트하우스 여수점,전남 여수시 공화동 657 　,34.7474762,127.7448498,https://www.goodchoice.kr/product/detail?ano=50634,//image.goodchoice.kr/resize_490x348/adimg_new/50634/0/28a8f93cf20af576af3b351800dfd392.jpg
50636,천호 테마,서울 강동구 천호동 354-5,37.5419639,127.1243165,https://www.goodchoice.kr/product/detail?ano=50636,//image.goodchoice.kr/resize_490x348/adimg_new/50636/142182/534bfcb8e14efe19f53ae9a19cb52ca8.jpg
50647,경주 평관헌,경상북도 경주시 진현동 651-12 2F,35.7853384,129.3258245,https://www.goodchoice.kr/product/detail?ano=50647,//image.goodchoice.kr/resize_490x348/adimg_new/50647/0/95e4cb7b0e7eca86d5b923dbd046e067.jpg
50650,여수 정 게스트하우스,전라남도 여수시 서교동 66-1  　,34.7443798,127.7286978,https://www.goodchoice.kr/product/detail?ano=50650,//image.goodchoice.kr/resize_490x348/adimg_new/50650/0/a93d8f70ce87c16765c0de372dabc02f.JPG
50654,이천 호텔 봄,경기 이천시 마장면 이평리 368-8,37.2229797,127.3690442,https://www.goodchoice.kr/product/detail?ano=50654,//image.goodchoice.kr/resize_490x348/adimg_new/50654/8150/dabd5efe0cb09267183e7907a8a9f9ee.jpg
50656,클레르드륀 펜션,제주특별자치도 제주시 애월읍 고내리 565-1,33.4660478,126.3402974,https://www.goodchoice.kr/product/detail?ano=50656,//image.goodchoice.kr/resize_490x348/affiliate/2019/07/05/5d1f44a308a7a.jpg
50657,제주 월정리바다별 펜션,제주특별자치도 제주시 구좌읍 월정리 307,33.5523523,126.7913136,https://www.goodchoice.kr/product/detail?ano=50657,//image.goodchoice.kr/resize_490x348/affiliate/2018/02/14/5a83979c55484.jpg
50658,논산 젠 모텔,충남 논산시 연무읍 동산리 764-1,36.1391928,127.1094096,https://www.goodchoice.kr/product/detail?ano=50658,//image.goodchoice.kr/resize_490x348/adimg_new/50658/142865/e3a92a70023b8459e138a3cbaad55f33.jpg
50660,무안 더케이,전남 무안군 무안읍 성동리 621-1,34.9924151,126.4809073,https://www.goodchoice.kr/product/detail?ano=50660,//image.goodchoice.kr/resize_490x348/adimg_new/50660/142774/7877dcb8e822aa052a0aef5be04de6d5.jpg
50661,진천 쥬얼리 무인텔,충북 진천군 광혜원면 금곡리 629-3,36.9664602,127.4369549,https://www.goodchoice.kr/product/detail?ano=50661,//image.goodchoice.kr/resize_490x348/adimg_new/50661/142247/f50b4ed972d61234039691571144d00f.jpg
50663,월미도 스텔라마리스 호텔,인천 중구 북성동1가 98-24,37.4769545,126.6004497,https://www.goodchoice.kr/product/detail?ano=50663,//image.goodchoice.kr/resize_490x348/adimg_new/50663/142126/fa74f5f65f0f3760452952166f5fdc70.jpg
50667,대천 코코넛 모텔,충남 보령시 신흑동 2002,36.305165,126.5178443,https://www.goodchoice.kr/product/detail?ano=50667,//image.goodchoice.kr/resize_490x348/adimg_new/50667/154521/defa66558c22a501af3de874c865ebdf.jpg
50673,안성 샤넬,경기 안성시 공도읍 마정리 112-23,37.0161535,127.2029901,https://www.goodchoice.kr/product/detail?ano=50673,//image.goodchoice.kr/resize_490x348/adimg_new/50673/142535/e3dedce4ce28cdf4a057079f5b3b2090.jpg
50679,강릉 아담,강원 강릉시 교동 1868-8,37.7657021,128.8779711,https://www.goodchoice.kr/product/detail?ano=50679,//image.goodchoice.kr/resize_490x348/adimg_new/50679/152200/7af5da92ca12488a9c4fff55c2f042cb.jpg
50686,이비스 스타일 앰배서더 서울 용산,서울 용산구 한강로3가 40-969,37.5315964,126.9642116,https://www.goodchoice.kr/product/detail?ano=50686,//image.goodchoice.kr/resize_490x348/affiliate/2018/10/31/5bd96e0371c77.jpg
50687,노보텔 스위트 앰배서더 서울 용산,서울 용산구 한강로3가 40-969,37.5315964,126.9642116,https://www.goodchoice.kr/product/detail?ano=50687,//image.goodchoice.kr/resize_490x348/affiliate/2018/02/20/5a8bbad68592e.jpg
50688,노보텔 앰배서더 서울 용산,서울 용산구 한강로3가 40-969,37.5315964,126.9642116,https://www.goodchoice.kr/product/detail?ano=50688,//image.goodchoice.kr/resize_490x348/affiliate/2020/11/27/5fc06468e290b.jpg
50689,그랜드 머큐어 앰배서더 호텔앤레지던스,서울 용산구 한강로3가 40-969,37.5315964,126.9642116,https://www.goodchoice.kr/product/detail?ano=50689,//image.goodchoice.kr/resize_490x348/affiliate/2018/02/20/5a8bd16270015.jpg
50693,서브웨이호텔,경기 시흥시 신천동 707-15,37.4413722,126.7847634,https://www.goodchoice.kr/product/detail?ano=50693,//image.goodchoice.kr/resize_490x348/affiliate/2018/02/21/5a8cc7ba9b298.jpg
50694,클로버리조트,경기 가평군 가평읍 금대리 55-147,37.7577015,127.5405442,https://www.goodchoice.kr/product/detail?ano=50694,//image.goodchoice.kr/resize_490x348/affiliate/2018/11/22/05/clover_dnNskUMF_02.jpg
50697,강화 리베라,인천 강화군 길상면 온수리 43-2,37.6463873,126.4918149,https://www.goodchoice.kr/product/detail?ano=50697,//image.goodchoice.kr/resize_490x348/adimg_new/50697/142274/1abbe0a254c3cb2edf7137a8fb65f107.jpg
50699,더화이트호텔,강원 평창군 봉평면 면온리 922,37.5758464,128.3341878,https://www.goodchoice.kr/product/detail?ano=50699,//image.goodchoice.kr/resize_490x348/affiliate/2018/04/21/5adafbe4b8289.jpg
